{
	"id": "a72e1576-1179-435e-bbe3-16468fdecddd",
	"name": "postman",
	"values": [
		{
			"key": "url_base",
			"value": "https://postman-treinamento.qacoders-academy.com.br/api",
			"type": "default",
			"enabled": true
		},
		{
			"key": "FirstName",
			"value": "",
			"type": "any",
			"enabled": true
		},
		{
			"key": "LastName",
			"value": "",
			"type": "any",
			"enabled": true
		},
		{
			"key": "FullName",
			"value": "",
			"type": "any",
			"enabled": true
		},
		{
			"key": "AccessProfile",
			"value": "",
			"type": "any",
			"enabled": true
		},
		{
			"key": "ProviderMail",
			"value": "",
			"type": "any",
			"enabled": true
		},
		{
			"key": "Mail",
			"value": "",
			"type": "any",
			"enabled": true
		},
		{
			"key": "Email",
			"value": "",
			"type": "any",
			"enabled": true
		},
		{
			"key": "pessoasFisicasID",
			"value": "",
			"type": "any",
			"enabled": true
		},
		{
			"key": "requestUrl",
			"value": "",
			"type": "any",
			"enabled": true
		}
	],
	"_postman_variable_scope": "environment",
	"_postman_exported_at": "2024-01-26T19:09:08.369Z",
	"_postman_exported_using": "Postman/10.22.6"
}